{
  "version": 1,
  "author": "Uri Shaked",
  "editor": "wokwi",
  "parts": [
    { "type": "wokwi-breadboard", "id": "bb1", "top": -108.6, "left": -189.2, "attrs": {} },
    { "type": "wokwi-esp32-devkit-v1", "id": "esp", "top": 110.3, "left": 4.6, "attrs": {} },
    {
      "type": "wokwi-dht22",
      "id": "dht1",
      "top": -57.3,
      "left": 215.4,
      "attrs": { "temperature": "30.9" }
    },
    {
      "type": "wokwi-led",
      "id": "led2",
      "top": -80.4,
      "left": -140.2,
      "attrs": { "color": "red" }
    },
    {
      "type": "wokwi-led",
      "id": "led3",
      "top": -80.4,
      "left": -73,
      "attrs": { "color": "yellow" }
    },
    {
      "type": "wokwi-led",
      "id": "led4",
      "top": -80.4,
      "left": -34.6,
      "attrs": { "color": "green" }
    },
    {
      "type": "wokwi-resistor",
      "id": "r2",
      "top": -4.8,
      "left": -144.55,
      "rotate": 90,
      "attrs": { "value": "4700" }
    },
    {
      "type": "wokwi-resistor",
      "id": "r1",
      "top": -4.8,
      "left": -77.35,
      "rotate": 90,
      "attrs": { "value": "4700" }
    },
    {
      "type": "wokwi-resistor",
      "id": "r3",
      "top": -4.8,
      "left": -38.95,
      "rotate": 90,
      "attrs": { "value": "4700" }
    }
  ],
  "connections": [
    [ "esp:TX0", "$serialMonitor:RX", "", [] ],
    [ "esp:RX0", "$serialMonitor:TX", "", [] ],
    [ "dht1:SDA", "esp:D15", "green", [ "v0" ] ],
    [ "dht1:VCC", "esp:3V3", "red", [ "v0" ] ],
    [ "dht1:GND", "esp:GND.1", "black", [ "v0" ] ],
    [ "led2:A", "bb1:6t.c", "", [ "$bb" ] ],
    [ "led2:C", "bb1:5t.c", "", [ "$bb" ] ],
    [ "r2:1", "bb1:6t.d", "", [ "$bb" ] ],
    [ "r2:2", "bb1:6b.h", "", [ "$bb" ] ],
    [ "esp:D13", "bb1:6b.j", "green", [ "h0" ] ],
    [ "bb1:bp.3", "bb1:5t.d", "green", [ "v0" ] ],
    [ "bb1:bp.9", "bb1:12t.d", "green", [ "v0" ] ],
    [ "led4:A", "bb1:17t.c", "", [ "$bb" ] ],
    [ "led4:C", "bb1:16t.c", "", [ "$bb" ] ],
    [ "bb1:16t.d", "bb1:bp.12", "green", [ "v0" ] ],
    [ "r1:1", "bb1:13t.d", "", [ "$bb" ] ],
    [ "r1:2", "bb1:13b.h", "", [ "$bb" ] ],
    [ "led3:A", "bb1:13t.c", "", [ "$bb" ] ],
    [ "led3:C", "bb1:12t.c", "", [ "$bb" ] ],
    [ "bb1:13b.j", "esp:D2", "green", [ "v57.6", "h172.8", "v134.4" ] ],
    [ "r3:1", "bb1:17t.d", "", [ "$bb" ] ],
    [ "r3:2", "bb1:17b.h", "", [ "$bb" ] ],
    [ "bb1:17b.j", "esp:D4", "green", [ "v48", "h144", "v134.4" ] ],
    [ "esp:GND.2", "bb1:bp.1", "black", [ "h-153.6", "v-0.1" ] ]
  ],
  "dependencies": {}
}